"C3986","wiki_books_16489","0.9982785280613697"
"C2843","wiki_books_3448","0.9956110331199687"
"C253","wiki_books_7005","0.9984807194329935"
"C1127","wiki_books_6715","0.9965795382920091"
"C3873","wiki_books_3770","0.9984807194329935"
"C5368","wiki_books_1789","0.9979588525566941"
"C2554","wiki_books_12532","0.768633021790639"
"C3110","wiki_books_4827","0.9981387366450695"
"C3469","wiki_books_11132","0.9979588525566941"
"C4761","wiki_books_607","0.9977199509497612"
"C2906","wiki_books_556","0.9977199509497612"
"C2751","wiki_books_2278","0.9981387366450695"
"C4875","wiki_books_4377","0.9986191818033784"
"C944","wiki_books_15811","0.9948716570670298"
"C5072","wiki_books_13514","0.9982785280613697"
"C658","wiki_books_11159","0.9969092130629666"
"C4970","wiki_books_9589","0.9977199509497612"
"C3952","wiki_books_12020","0.8526112198499249"
"C2143","wiki_books_11663","0.9986191818033784"
"C2160","wiki_books_15525","0.9018024478619744"
"C2974","wiki_books_6869","0.8526112198499249"
"C2921","wiki_books_9281","0.9981387366450695"
"C2100","wiki_books_8528","0.768633021790639"
"C2823","wiki_books_5942","0.9981387366450695"
"C2605","wiki_books_8477","0.9984807194329935"
"C1229","wiki_books_12797","0.9981387366450695"
"C2296","wiki_books_3994","0.9984807194329935"
"C3129","wiki_books_7502","0.998555920720156"
"C2843","wiki_books_1621","0.9956110331199687"
"C453","wiki_books_11064","0.998555920720156"
"C4362","wiki_books_12059","0.9018024478619744"
"C5387","wiki_books_11603","0.9977199509497612"
"C3559","wiki_books_10339","0.8946550831685294"
"C2499","wiki_books_5052","0.9977199509497612"
"C4585","wiki_books_15904","0.9969092130629666"
"C4494","wiki_books_12251","0.9982785280613697"
"C1426","wiki_books_9689","0.9973897655413393"
"C2748","wiki_books_14926","0.9956110331199687"
"C1889","wiki_books_13058","0.9983899758064708"
"C4685","wiki_books_8116","0.9982785280613697"
"C2418","wiki_books_725","0.9956110331199687"
"C2363","wiki_books_16498","0.9982785280613697"
"C4536","wiki_books_6895","0.9983899758064708"
"C3538","wiki_books_4719","0.9983899758064708"
"C1128","wiki_books_6715","0.9965795382920091"
"C3874","wiki_books_3770","0.9984807194329935"
"C2907","wiki_books_556","0.9977199509497612"
"C3985","wiki_books_16489","0.9982785280613697"
"C2194","wiki_books_12759","0.9981387366450695"
"C2847","wiki_books_481","0.9956110331199687"
"C2844","wiki_books_3448","0.9956110331199687"
"C3098","wiki_books_13895","0.9986191818033784"
"C124","wiki_books_690","0.9938366806133107"
"C4874","wiki_books_4377","0.9986191818033784"
"C4762","wiki_books_607","0.9977199509497612"
"C2555","wiki_books_12532","0.768633021790639"
"C5417","wiki_books_10330","0.9984807194329935"
"C4971","wiki_books_9589","0.9977199509497612"
"C2693","wiki_books_16528","0.9983899758064708"
"C1689","wiki_books_14093","0.9973897655413393"
"C840","wiki_books_10333","0.9979588525566941"
"C2658","wiki_books_10246","0.9984807194329935"
"C5071","wiki_books_13514","0.9982785280613697"
"C1835","wiki_books_998","0.9982785280613697"
"C2973","wiki_books_6869","0.8526112198499249"
"C5474","wiki_books_9841","0.9984807194329935"
"C4422","wiki_books_675","0.9977199509497612"
"C2606","wiki_books_8477","0.9984807194329935"
"C4954","wiki_books_8315","0.9983899758064708"
"C1779","wiki_books_16511","0.9981387366450695"
"C5497","wiki_books_15329","0.9977199509497612"
"C2915","wiki_books_6720","0.9981387366450695"
"C4660","wiki_books_13977","0.9956110331199687"
"C3128","wiki_books_7502","0.998555920720156"
"C2297","wiki_books_3994","0.9984807194329935"
"C2844","wiki_books_1621","0.9956110331199687"
"C3910","wiki_books_11381","0.9983899758064708"
"C3562","wiki_books_753","0.9984807194329935"
"C5386","wiki_books_11603","0.9977199509497612"
"C2530","wiki_books_7688","0.9986191818033784"
"C5520","wiki_books_11067","0.9982785280613697"
"C4763","wiki_books_607","0.9977199509497612"
"C3111","wiki_books_16494","0.9982785280613697"
"C1474","wiki_books_10783","0.9981387366450695"
"C1426","wiki_books_9688","0.9973897655413393"
"C980","wiki_books_10321","0.9979588525566941"
"C1426","wiki_books_9432","0.9973897655413393"
"C2937","wiki_books_16239","0.9973897655413393"
"C2043","wiki_books_6635","0.9982785280613697"
"C1701","wiki_books_15660","0.9977199509497612"
"C1129","wiki_books_6715","0.9965795382920091"
"C3887","wiki_books_13840","0.9984807194329935"
"C2904","wiki_books_556","0.9977199509497612"
"C2055","wiki_books_6635","0.9982785280613697"
"C2623","wiki_books_10249","0.880415369974958"
"C3003","wiki_books_15032","0.9982785280613697"
"C2842","wiki_books_159","0.9956110331199687"
"C4839","wiki_books_14080","0.9983899758064708"
"C2556","wiki_books_12532","0.768633021790639"
"C2183","wiki_books_391","0.9314061970670694"
"C5074","wiki_books_13514","0.9982785280613697"
"C841","wiki_books_10333","0.9979588525566941"
"C138","wiki_books_15732","0.998555920720156"
"C4697","wiki_books_14758","0.9882311659453628"
"C1684","wiki_books_16292","0.9979588525566941"
"C1688","wiki_books_14093","0.9973897655413393"
"C5475","wiki_books_9841","0.9984807194329935"
"C3176","wiki_books_10200","0.9979588525566941"
"C2340","wiki_books_4890","0.9971736875404766"
"C2845","wiki_books_3448","0.9956110331199687"
"C4007","wiki_books_3687","0.9979588525566941"
"C2806","wiki_books_514","0.9977199509497612"
"C2293","wiki_books_5531","0.9986191818033784"
"C2926","wiki_books_15871","0.768633021790639"
"C1834","wiki_books_998","0.9982785280613697"
"C4970","wiki_books_8896","0.9977199509497612"
"C446","wiki_books_15171","0.998555920720156"
"C3906","wiki_books_14608","0.9979588525566941"
"C5671","wiki_books_885","0.9986191818033784"
"C1227","wiki_books_12797","0.9981387366450695"
"C677","wiki_books_1710","0.9977199509497612"
"C5164","wiki_books_12253","0.9983899758064708"
"C4971","wiki_books_8895","0.9977199509497612"
"C2298","wiki_books_3994","0.9984807194329935"
"C3595","wiki_books_12247","0.9982785280613697"
"C251","wiki_books_15965","0.9979588525566941"
"C2100","wiki_books_5239","0.768633021790639"
"C5079","wiki_books_14975","0.9984807194329935"
"C4717","wiki_books_15086","0.9969092130629666"
"C3078","wiki_books_1212","0.9982785280613697"
"C5553","wiki_books_12796","0.9982785280613697"
"C2845","wiki_books_1621","0.9956110331199687"
"C5529","wiki_books_16260","0.9981387366450695"
"C1426","wiki_books_9687","0.9973897655413393"
"C5372","wiki_books_10208","0.9948716570670298"
"C2149","wiki_books_10233","0.9882311659453628"
"C981","wiki_books_10321","0.9979588525566941"
"C2495","wiki_books_12160","0.9981387366450695"
"C3987","wiki_books_16489","0.9982785280613697"
"C4639","wiki_books_10278","0.9981387366450695"
"C2042","wiki_books_6635","0.9982785280613697"
"C3888","wiki_books_13840","0.9984807194329935"
"C590","wiki_books_11917","0.9973897655413393"
"C4678","wiki_books_15754","0.998555920720156"
"C2816","wiki_books_12689","0.9956110331199687"
"C3002","wiki_books_15032","0.9982785280613697"
"C4760","wiki_books_607","0.9977199509497612"
"C2054","wiki_books_6635","0.9982785280613697"
"C4740","wiki_books_14035","0.9975690915268887"
"C2557","wiki_books_12532","0.9979588525566941"
"C4223","wiki_books_7059","0.9979588525566941"
"C3074","wiki_books_7878","0.9983899758064708"
"C666","wiki_books_11248","0.9983899758064708"
"C5000","wiki_books_3201","0.9973897655413393"
"C4698","wiki_books_14758","0.9882311659453628"
"C2905","wiki_books_556","0.9977199509497612"
"C404","wiki_books_13920","0.880415369974958"
"C5073","wiki_books_13514","0.9982785280613697"
"C137","wiki_books_15732","0.998555920720156"
"C2922","wiki_books_9281","0.9981387366450695"
"C3988","wiki_books_16452","0.768633021790639"
"C1636","wiki_books_11421","0.9973897655413393"
"C242","wiki_books_3148","0.9969092130629666"
"C1100","wiki_books_12969","0.9979588525566941"
"C1687","wiki_books_14093","0.9973897655413393"
"C1578","wiki_books_13927","0.9979588525566941"
"C3175","wiki_books_10200","0.9979588525566941"
"C4566","wiki_books_9747","0.9977199509497612"
"C2846","wiki_books_3448","0.9956110331199687"
"C5170","wiki_books_15851","0.9984807194329935"
"C1603","wiki_books_12468","0.9523464363071484"
"C1467","wiki_books_1179","0.9979588525566941"
"C2927","wiki_books_15871","0.768633021790639"
"C5672","wiki_books_885","0.9986191818033784"
"C1228","wiki_books_12797","0.9981387366450695"
"C4971","wiki_books_8896","0.9977199509497612"
"C2299","wiki_books_3994","0.9984807194329935"
"C4970","wiki_books_8895","0.9977199509497612"
"C2362","wiki_books_16498","0.9982785280613697"
"C2498","wiki_books_5052","0.9977199509497612"
"C5415","wiki_books_13143","0.9983899758064708"
"C2846","wiki_books_1621","0.9956110331199687"
"C4684","wiki_books_8116","0.9982785280613697"
"C1189","wiki_books_6915","0.9982785280613697"
"C982","wiki_books_10321","0.9979588525566941"
"C3333","wiki_books_11039","0.9977199509497612"
"C3077","wiki_books_1212","0.9982785280613697"
"C5528","wiki_books_16260","0.9981387366450695"
"C4906","wiki_books_12960","0.9973897655413393"
"C1866","wiki_books_11482","0.998555920720156"
"C1208","wiki_books_15340","0.9981387366450695"
"C5690","wiki_books_13864","0.9983899758064708"
"C230","wiki_books_13345","0.9982785280613697"
"C3561","wiki_books_16265","0.9981387366450695"
"C283","wiki_books_7802","0.9977199509497612"
"C2621","wiki_books_10249","0.880415369974958"
"C1511","wiki_books_16492","0.9982785280613697"
"C2935","wiki_books_16239","0.9973897655413393"
"C3174","wiki_books_13297","0.9983899758064708"
"C2266","wiki_books_5023","0.9982785280613697"
"C4808","wiki_books_12832","0.9979588525566941"
"C3354","wiki_books_4855","0.9984807194329935"
"C582","wiki_books_11912","0.9973897655413393"
"C2978","wiki_books_6869","0.8526112198499249"
"C116","wiki_books_12991","0.9982785280613697"
"C1954","wiki_books_15817","0.9983899758064708"
"C4722","wiki_books_13033","0.9977199509497612"
"C218","wiki_books_12046","0.9981387366450695"
"C2552","wiki_books_9878","0.768633021790639"
"C4311","wiki_books_783","0.9973897655413393"
"C2808","wiki_books_514","0.9977199509497612"
"C580","wiki_books_997","0.9982785280613697"
"C5061","wiki_books_6832","0.99882677053563"
"C2271","wiki_books_14797","0.9982785280613697"
"C4861","wiki_books_13782","0.9983899758064708"
"C5582","wiki_books_10586","0.768633021790639"
"C2185","wiki_books_391","0.9314061970670694"
"C4970","wiki_books_9463","0.9977199509497612"
"C2844","wiki_books_481","0.9956110331199687"
"C2847","wiki_books_3448","0.9956110331199687"
"C2767","wiki_books_9036","0.9981387366450695"
"C2613","wiki_books_15037","0.880415369974958"
"C2153","wiki_books_12430","0.9882311659453628"
"C1466","wiki_books_1179","0.9979588525566941"
"C5430","wiki_books_14469","0.9982785280613697"
"C4010","wiki_books_11547","0.9982785280613697"
"C2906","wiki_books_16168","0.9977199509497612"
"C4081","wiki_books_16244","0.998555920720156"
"C2904","wiki_books_5596","0.9977199509497612"
"C4232","wiki_books_14898","0.998555920720156"
"C1426","wiki_books_9661","0.9973897655413393"
"C959","wiki_books_7649","0.9977199509497612"
"C972","wiki_books_12913","0.9978483769011275"
"C2361","wiki_books_16342","0.9983899758064708"
"C1425","wiki_books_3490","0.9981387366450695"
"C1205","wiki_books_4784","0.9971736875404766"
"C1077","wiki_books_11273","0.9982785280613697"
"C1418","wiki_books_8114","0.9983899758064708"
"C3836","wiki_books_1691","0.9977199509497612"
"C3582","wiki_books_14313","0.9984807194329935"
"C2478","wiki_books_16503","0.9982785280613697"
"C2418","wiki_books_717","0.9956110331199687"
"C2046","wiki_books_6635","0.9982785280613697"
"C5019","wiki_books_325","0.9942237463009387"
"C5674","wiki_books_16025","0.9979588525566941"
"C2847","wiki_books_1621","0.9956110331199687"
"C1209","wiki_books_15340","0.9981387366450695"
"C1567","wiki_books_5903","0.9973897655413393"
"C2820","wiki_books_13416","0.9969092130629666"
"C4905","wiki_books_12960","0.9973897655413393"
"C3560","wiki_books_16265","0.9981387366450695"
"C1510","wiki_books_16492","0.9982785280613697"
"C1867","wiki_books_11482","0.998555920720156"
"C4641","wiki_books_4643","0.9983899758064708"
"C1119","wiki_books_912","0.9938366806133107"
"C2944","wiki_books_16543","0.9982785280613697"
"C4807","wiki_books_12832","0.9979588525566941"
"C4872","wiki_books_11131","0.9987195333496505"
"C4893","wiki_books_15033","0.9981387366450695"
"C937","wiki_books_3534","0.9975690915268887"
"C2768","wiki_books_9036","0.9981387366450695"
"C3082","wiki_books_1212","0.9982785280613697"
"C2547","wiki_books_12532","0.768633021790639"
"C4860","wiki_books_13782","0.9983899758064708"
"C4971","wiki_books_9463","0.9977199509497612"
"C3089","wiki_books_6642","0.9987599454222382"
"C1953","wiki_books_15817","0.9983899758064708"
"C5581","wiki_books_10586","0.768633021790639"
"C2977","wiki_books_6869","0.8526112198499249"
"C2184","wiki_books_391","0.9314061970670694"
"C2843","wiki_books_481","0.9956110331199687"
"C2905","wiki_books_5596","0.9977199509497612"
"C535","wiki_books_11723","0.9977199509497612"
"C4233","wiki_books_14898","0.998555920720156"
"C1465","wiki_books_1179","0.9979588525566941"
"C3614","wiki_books_14092","0.9979588525566941"
"C1226","wiki_books_12797","0.9981387366450695"
"C5080","wiki_books_9303","0.9975690915268887"
"C2553","wiki_books_9878","0.768633021790639"
"C4458","wiki_books_6927","0.9969092130629666"
"C2907","wiki_books_16168","0.9977199509497612"
"C445","wiki_books_15171","0.998555920720156"
"C1076","wiki_books_11273","0.9982785280613697"
"C1742","wiki_books_15027","0.9969092130629666"
"C652","wiki_books_9611","0.9981387366450695"
"C1424","wiki_books_3490","0.9981387366450695"
"C4361","wiki_books_12689","0.9956110331199687"
"C4665","wiki_books_12024","0.9983899758064708"
"C2100","wiki_books_7349","0.768633021790639"
"C5371","wiki_books_10208","0.9948716570670298"
"C2100","wiki_books_4455","0.768633021790639"
"C1977","wiki_books_16490","0.9982785280613697"
"C3256","wiki_books_14538","0.9183978686017618"
"C1722","wiki_books_11456","0.9981387366450695"
"C5542","wiki_books_15361","0.9983899758064708"
"C2821","wiki_books_13416","0.9969092130629666"
"C5504","wiki_books_3195","0.9984807194329935"
"C2059","wiki_books_6635","0.9982785280613697"
"C2846","wiki_books_481","0.9956110331199687"
"C5455","wiki_books_15994","0.9969092130629666"
"C4482","wiki_books_10122","0.9981387366450695"
"C1549","wiki_books_13868","0.9979588525566941"
"C3178","wiki_books_8594","0.9982785280613697"
"C5057","wiki_books_11785","0.9979588525566941"
"C3097","wiki_books_13895","0.9986191818033784"
"C4576","wiki_books_4749","0.9984807194329935"
"C1864","wiki_books_11482","0.998555920720156"
"C4892","wiki_books_15033","0.9981387366450695"
"C2550","wiki_books_9878","0.768633021790639"
"C3243","wiki_books_8664","0.9979588525566941"
"C265","wiki_books_10277","0.9981387366450695"
"C2248","wiki_books_10376","0.7181604130635513"
"C5070","wiki_books_13514","0.9982785280613697"
"C1956","wiki_books_15817","0.9983899758064708"
"C2611","wiki_books_15037","0.880415369974958"
"C2115","wiki_books_12908","0.9986191818033784"
"C2187","wiki_books_391","0.9314061970670694"
"C2607","wiki_books_8477","0.9984807194329935"
"C2976","wiki_books_6869","0.8526112198499249"
"C1580","wiki_books_436","0.9971736875404766"
"C4863","wiki_books_13782","0.9983899758064708"
"C4087","wiki_books_15827","0.9719981445726236"
"C2548","wiki_books_12532","0.768633021790639"
"C1259","wiki_books_1542","0.9973897655413393"
"C4230","wiki_books_14898","0.998555920720156"
"C5476","wiki_books_8769","0.9979588525566941"
"C5720","wiki_books_2208","0.9979588525566941"
"C5191","wiki_books_16313","0.9981387366450695"
"C2881","wiki_books_7582","0.9979588525566941"
"C4643","wiki_books_10031","0.9982785280613697"
"C4656","wiki_books_5224","0.9983899758064708"
"C2906","wiki_books_5596","0.9977199509497612"
"C1717","wiki_books_13365","0.9981387366450695"
"C1464","wiki_books_1179","0.9979588525566941"
"C2580","wiki_books_10817","0.9977199509497612"
"C26","wiki_books_6057","0.9973897655413393"
"C2904","wiki_books_16168","0.9977199509497612"
"C4603","wiki_books_9906","0.768633021790639"
"C5573","wiki_books_12689","0.9956110331199687"
"C4907","wiki_books_14656","0.9986191818033784"
"C373","wiki_books_13202","0.9430040921592172"
"C3258","wiki_books_16538","0.9979588525566941"
"C4437","wiki_books_14648","0.9981387366450695"
"C3112","wiki_books_16494","0.9982785280613697"
"C1705","wiki_books_15452","0.9981387366450695"
"C1741","wiki_books_15027","0.9969092130629666"
"C1320","wiki_books_10283","0.9983899758064708"
"C2364","wiki_books_12475","0.9986191818033784"
"C5692","wiki_books_6651","0.9973897655413393"
"C1548","wiki_books_13868","0.9979588525566941"
"C2058","wiki_books_6635","0.9982785280613697"
"C1219","wiki_books_5388","0.9982785280613697"
"C5505","wiki_books_3195","0.9984807194329935"
"C2845","wiki_books_481","0.9956110331199687"
"C1865","wiki_books_11482","0.998555920720156"
"C2252","wiki_books_10774","0.9983899758064708"
"C5691","wiki_books_13864","0.9983899758064708"
"C4790","wiki_books_5207","0.9981387366450695"
"C5369","wiki_books_1789","0.9979588525566941"
"C4483","wiki_books_10122","0.9981387366450695"
"C1955","wiki_books_15817","0.9983899758064708"
"C4677","wiki_books_4641","0.9981387366450695"
"C5589","wiki_books_13188","0.9975690915268887"
"C2361","wiki_books_8250","0.9499650742868623"
"C2551","wiki_books_9878","0.768633021790639"
"C1463","wiki_books_1179","0.9979588525566941"
"C5716","wiki_books_12269","0.9981387366450695"
"C2975","wiki_books_6869","0.8526112198499249"
"C3211","wiki_books_9840","0.9984807194329935"
"C4862","wiki_books_13782","0.9983899758064708"
"C4088","wiki_books_15827","0.9719981445726236"
"C52","wiki_books_8993","0.9983899758064708"
"C2549","wiki_books_12532","0.768633021790639"
"C2186","wiki_books_391","0.9314061970670694"
"C2270","wiki_books_14797","0.9982785280613697"
"C4642","wiki_books_10031","0.9982785280613697"
"C2905","wiki_books_16168","0.9977199509497612"
"C284","wiki_books_6955","0.9981387366450695"
"C25","wiki_books_6057","0.9973897655413393"
"C4231","wiki_books_14898","0.998555920720156"
"C4636","wiki_books_2496","0.9982785280613697"
"C4908","wiki_books_14656","0.9986191818033784"
"C1643","wiki_books_5628","0.998555920720156"
"C2460","wiki_books_3060","0.9977199509497612"
"C1237","wiki_books_16336","0.998555920720156"
"C2907","wiki_books_5596","0.9977199509497612"
"C3243","wiki_books_790","0.9979588525566941"
"C4462","wiki_books_5064","0.9986730866360932"
"C4528","wiki_books_12664","0.998555920720156"
"C3000","wiki_books_5265","0.9983899758064708"
"C3835","wiki_books_1691","0.9977199509497612"
"C3581","wiki_books_14313","0.9984807194329935"
"C2731","wiki_books_1924","0.9982785280613697"
"C926","wiki_books_6415","0.9982785280613697"
"C2479","wiki_books_16503","0.9982785280613697"
"C2047","wiki_books_6635","0.9982785280613697"
"C2156","wiki_books_13688","0.9977199509497612"
"C4665","wiki_books_12014","0.9983899758064708"
"C4308","wiki_books_7508","0.9982785280613697"
"C213","wiki_books_15753","0.9983899758064708"
"C870","wiki_books_7826","0.9983899758064708"
"C391","wiki_books_7830","0.9981387366450695"
"C5531","wiki_books_16260","0.9981387366450695"
"C2502","wiki_books_14976","0.9977199509497612"
"C2846","wiki_books_725","0.9956110331199687"
"C2510","wiki_books_4208","0.9977199509497612"
"C2511","wiki_books_4209","0.9977199509497612"
"C564","wiki_books_4121","0.9983899758064708"
"C2756","wiki_books_12255","0.9981387366450695"
"C2514","wiki_books_14976","0.9977199509497612"
"C1998","wiki_books_10825","0.9982785280613697"
"C4550","wiki_books_91","0.9977199509497612"
"C4427","wiki_books_12797","0.9981387366450695"
"C4865","wiki_books_13782","0.9983899758064708"
"C2703","wiki_books_16377","0.9981387366450695"
"C2182","wiki_books_13324","0.9956110331199687"
"C5416","wiki_books_14916","0.9983899758064708"
"C322","wiki_books_14085","0.9983899758064708"
"C4061","wiki_books_14245","0.9981387366450695"
"C1921","wiki_books_12297","0.9986191818033784"
"C3103","wiki_books_3463","0.9984807194329935"
"C2763","wiki_books_9036","0.9981387366450695"
"C5425","wiki_books_10886","0.9956110331199687"
"C4971","wiki_books_9470","0.9977199509497612"
"C4292","wiki_books_13446","0.9983899758064708"
"C3101","wiki_books_9053","0.9983899758064708"
"C5131","wiki_books_8111","0.8526112198499249"
"C2831","wiki_books_2540","0.9984807194329935"
"C1279","wiki_books_13356","0.9982785280613697"
"C2440","wiki_books_13396","0.9984807194329935"
"C3920","wiki_books_2194","0.9973897655413393"
"C5343","wiki_books_7996","0.9979588525566941"
"C2762","wiki_books_9036","0.9981387366450695"
"C2347","wiki_books_4890","0.9971736875404766"
"C3472","wiki_books_1449","0.9984807194329935"
"C1426","wiki_books_9693","0.9973897655413393"
"C698","wiki_books_98","0.9969092130629666"
"C650","wiki_books_12368","0.9971736875404766"
"C1257","wiki_books_1542","0.9973897655413393"
"C1407","wiki_books_14791","0.9984807194329935"
"C2556","wiki_books_9878","0.768633021790639"
"C2509","wiki_books_5052","0.9977199509497612"
"C2335","wiki_books_4890","0.9971736875404766"
"C5573","wiki_books_13977","0.9956110331199687"
"C881","wiki_books_7826","0.9983899758064708"
"C307","wiki_books_16497","0.9983899758064708"
"C1134","wiki_books_7233","0.9983899758064708"
"C3813","wiki_books_10216","0.7067210892031704"
"C3783","wiki_books_16168","0.9977199509497612"
"C392","wiki_books_7830","0.9981387366450695"
"C1538","wiki_books_15118","0.9979588525566941"
"C5069","wiki_books_13514","0.9982785280613697"
"C4866","wiki_books_5351","0.9948716570670298"
"C3355","wiki_books_4546","0.9982785280613697"
"C4977","wiki_books_16448","0.998555920720156"
"C2069","wiki_books_2788","0.9984807194329935"
"C5530","wiki_books_16260","0.9981387366450695"
"C3179","wiki_books_8594","0.9982785280613697"
"C5016","wiki_books_3827","0.9971736875404766"
"C2510","wiki_books_4207","0.9977199509497612"
"C2845","wiki_books_725","0.9956110331199687"
"C2501","wiki_books_14976","0.9977199509497612"
"C2627","wiki_books_15232","0.9973897655413393"
"C2630","wiki_books_11765","0.9979588525566941"
"C2259","wiki_books_12935","0.9983899758064708"
"C2512","wiki_books_4209","0.9977199509497612"
"C836","wiki_books_10333","0.9979588525566941"
"C774","wiki_books_5626","0.9938366806133107"
"C2500","wiki_books_4209","0.9977199509497612"
"C4428","wiki_books_12797","0.9981387366450695"
"C2249","wiki_books_10376","0.7181604130635513"
"C4864","wiki_books_13782","0.9983899758064708"
"C2513","wiki_books_14976","0.9977199509497612"
"C1999","wiki_books_10825","0.9982785280613697"
"C4681","wiki_books_11675","0.9984807194329935"
"C4928","wiki_books_13515","0.9977199509497612"
"C3253","wiki_books_14360","0.9969092130629666"
"C2764","wiki_books_9036","0.9981387366450695"
"C5045","wiki_books_15404","0.982836611733845"
"C4375","wiki_books_4716","0.9981387366450695"
"C3901","wiki_books_13277","0.9983899758064708"
"C4970","wiki_books_9470","0.9977199509497612"
"C5155","wiki_books_365","0.9983899758064708"
"C1772","wiki_books_936","0.998555920720156"
"C2100","wiki_books_164","0.768633021790639"
"C4291","wiki_books_13446","0.9983899758064708"
"C2832","wiki_books_2540","0.9984807194329935"
"C5424","wiki_books_10886","0.9956110331199687"
"C5606","wiki_books_5457","0.9981387366450695"
"C1278","wiki_books_13356","0.9982785280613697"
"C4835","wiki_books_9295","0.9984807194329935"
"C2441","wiki_books_13396","0.9984807194329935"
"C3362","wiki_books_11310","0.9982127869704083"
"C2346","wiki_books_4890","0.9971736875404766"
"C1426","wiki_books_9692","0.9973897655413393"
"C3254","wiki_books_14360","0.9969092130629666"
"C5080","wiki_books_12349","0.9975690915268887"
"C2899","wiki_books_5596","0.9977199509497612"
"C651","wiki_books_12368","0.9971736875404766"
"C2334","wiki_books_4890","0.9971736875404766"
"C2557","wiki_books_9878","0.9979588525566941"
"C5190","wiki_books_16313","0.9981387366450695"
"C699","wiki_books_98","0.9969092130629666"
"C1406","wiki_books_14791","0.9984807194329935"
"C4752","wiki_books_15709","0.9984807194329935"
"C1258","wiki_books_1542","0.9973897655413393"
"C2306","wiki_books_12125","0.9981387366450695"
"C5458","wiki_books_16209","0.9979588525566941"
"C2158","wiki_books_15525","0.9018024478619744"
"C4816","wiki_books_2793","0.9948716570670298"
"C3782","wiki_books_5596","0.9977199509497612"
"C306","wiki_books_16497","0.9983899758064708"
"C4461","wiki_books_14070","0.9977199509497612"
"C1133","wiki_books_7233","0.9983899758064708"
"C1065","wiki_books_16273","0.9981387366450695"
"C880","wiki_books_7826","0.9983899758064708"
"C4476","wiki_books_13780","0.9984807194329935"
"C1459","wiki_books_8395","0.9982785280613697"
"C2244","wiki_books_9478","0.9982785280613697"
"C4976","wiki_books_16448","0.998555920720156"
"C1539","wiki_books_15118","0.9979588525566941"
"C5068","wiki_books_13514","0.9982785280613697"
"C1536","wiki_books_15118","0.9979588525566941"
"C1056","wiki_books_553","0.9975690915268887"
"C1426","wiki_books_6033","0.9973897655413393"
"C1685","wiki_books_7002","0.9977199509497612"
"C2500","wiki_books_14976","0.9977199509497612"
"C2513","wiki_books_4209","0.9977199509497612"
"C3259","wiki_books_7872","0.9956110331199687"
"C3908","wiki_books_11346","0.9984807194329935"
"C5022","wiki_books_2601","0.9984807194329935"
"C837","wiki_books_10333","0.9979588525566941"
"C3808","wiki_books_10134","0.9983899758064708"
"C1714","wiki_books_13198","0.9969092130629666"
"C2501","wiki_books_4209","0.9977199509497612"
"C5046","wiki_books_12611","0.9969092130629666"
"C3081","wiki_books_1212","0.9982785280613697"
"C2615","wiki_books_15037","0.880415369974958"
"C2512","wiki_books_14976","0.9977199509497612"
"C2833","wiki_books_2540","0.9984807194329935"
"C3573","wiki_books_16299","0.9982785280613697"
"C562","wiki_books_4121","0.9983899758064708"
"C948","wiki_books_13430","0.9984807194329935"
"C2844","wiki_books_725","0.9956110331199687"
"C757","wiki_books_16150","0.9977199509497612"
"C2765","wiki_books_9036","0.9981387366450695"
"C4672","wiki_books_4203","0.9982785280613697"
"C1273","wiki_books_12052","0.9981387366450695"
"C5557","wiki_books_13260","0.9984807194329935"
"C4541","wiki_books_4026","0.998555920720156"
"C4429","wiki_books_12797","0.9981387366450695"
"C484","wiki_books_5936","0.9882311659453628"
"C970","wiki_books_12913","0.9978483769011275"
"C2554","wiki_books_9878","0.768633021790639"
"C1426","wiki_books_9691","0.9973897655413393"
"C927","wiki_books_12761","0.9981387366450695"
"C1255","wiki_books_1542","0.9973897655413393"
"C4624","wiki_books_13707","0.9981387366450695"
"C5498","wiki_books_2578","0.9982785280613697"
"C5165","wiki_books_3948","0.9983899758064708"
"C2288","wiki_books_14820","0.9983899758064708"
"C2337","wiki_books_4890","0.9971736875404766"
"C591","wiki_books_7187","0.9986191818033784"
"C4979","wiki_books_16448","0.998555920720156"
"C1515","wiki_books_14631","0.9979588525566941"
"C5459","wiki_books_16209","0.9979588525566941"
"C497","wiki_books_11957","0.9983899758064708"
"C2159","wiki_books_15525","0.9018024478619744"
"C2507","wiki_books_5052","0.9977199509497612"
"C2450","wiki_books_13396","0.9984807194329935"
"C2358","wiki_books_16341","0.9499650742868623"
"C1423","wiki_books_3490","0.9981387366450695"
"C2810","wiki_books_514","0.9977199509497612"
"C3281","wiki_books_15901","0.9981387366450695"
"C1976","wiki_books_16490","0.9982785280613697"
"C3783","wiki_books_5596","0.9977199509497612"
"C3853","wiki_books_14836","0.9973897655413393"
"C2372","wiki_books_15370","0.9961596615607872"
"C4959","wiki_books_13235","0.9986730866360932"
"C2619","wiki_books_10249","0.880415369974958"
"C5150","wiki_books_11756","0.9982785280613697"
"C1233","wiki_books_4997","0.9984807194329935"
"C1537","wiki_books_15118","0.9979588525566941"
"C5023","wiki_books_2601","0.9984807194329935"
"C4640","wiki_books_11318","0.9977199509497612"
"C1713","wiki_books_13198","0.9969092130629666"
"C2847","wiki_books_717","0.9956110331199687"
"C563","wiki_books_4121","0.9983899758064708"
"C2655","wiki_books_15285","0.9983899758064708"
"C838","wiki_books_10333","0.9979588525566941"
"C2418","wiki_books_1621","0.9956110331199687"
"C4651","wiki_books_8523","0.9982785280613697"
"C2942","wiki_books_16543","0.9982785280613697"
"C2834","wiki_books_2540","0.9984807194329935"
"C3080","wiki_books_1212","0.9982785280613697"
"C4052","wiki_books_16366","0.9986730866360932"
"C237","wiki_books_4914","0.9975690915268887"
"C2979","wiki_books_6869","0.8526112198499249"
"C2511","wiki_books_14976","0.9977199509497612"
"C2181","wiki_books_13324","0.9956110331199687"
"C2779","wiki_books_214","0.9981387366450695"
"C2843","wiki_books_725","0.9956110331199687"
"C2514","wiki_books_4209","0.9977199509497612"
"C1151","wiki_books_12597","0.9981387366450695"
"C3693","wiki_books_10736","0.998555920720156"
"C581","wiki_books_997","0.9982785280613697"
"C3572","wiki_books_16299","0.9982785280613697"
"C3893","wiki_books_5668","0.9983899758064708"
"C2502","wiki_books_4209","0.9977199509497612"
"C2766","wiki_books_9036","0.9981387366450695"
"C483","wiki_books_5936","0.9882311659453628"
"C4361","wiki_books_13977","0.9956110331199687"
"C3919","wiki_books_12249","0.8162469850626441"
"C2265","wiki_books_8222","0.9977199509497612"
"C2476","wiki_books_5781","0.9859505852502041"
"C4415","wiki_books_5853","0.9983899758064708"
"C1992","wiki_books_15075","0.9982785280613697"
"C4599","wiki_books_12335","0.9982785280613697"
"C2348","wiki_books_4890","0.9971736875404766"
"C2899","wiki_books_16168","0.9977199509497612"
"C1426","wiki_books_9690","0.9973897655413393"
"C1256","wiki_books_1542","0.9973897655413393"
"C4625","wiki_books_13707","0.9981387366450695"
"C4806","wiki_books_11452","0.9983899758064708"
"C2555","wiki_books_9878","0.768633021790639"
"C2418","wiki_books_3448","0.9956110331199687"
"C1970","wiki_books_12816","0.880415369974958"
"C2361","wiki_books_1936","0.9499650742868623"
"C4978","wiki_books_16448","0.998555920720156"
"C3455","wiki_books_13306","0.9983899758064708"
"C2336","wiki_books_4890","0.9971736875404766"
"C4700","wiki_books_15926","0.9981387366450695"
"C3782","wiki_books_16168","0.9977199509497612"
"C2508","wiki_books_5052","0.9977199509497612"
"C2357","wiki_books_16341","0.9983899758064708"
"C1422","wiki_books_3490","0.9981387366450695"
"C2659","wiki_books_13605","0.9983899758064708"
"C2609","wiki_books_15037","0.880415369974958"
"C4631","wiki_books_10410","0.9979588525566941"
"C3620","wiki_books_1196","0.9977199509497612"
"C964","wiki_books_13157","0.9982785280613697"
"C768","wiki_books_16073","0.9977199509497612"
"C4925","wiki_books_11610","0.9981387366450695"
"C2327","wiki_books_10066","0.9977199509497612"
"C665","wiki_books_11248","0.9983899758064708"
"C2505","wiki_books_5052","0.9977199509497612"
"C2513","wiki_books_4207","0.9977199509497612"
"C2846","wiki_books_717","0.9956110331199687"
"C2589","wiki_books_9291","0.998555920720156"
"C2514","wiki_books_4208","0.9977199509497612"
"C127","wiki_books_690","0.9938366806133107"
"C3783","wiki_books_556","0.9977199509497612"
"C4879","wiki_books_4377","0.9986191818033784"
"C2510","wiki_books_14976","0.9977199509497612"
"C235","wiki_books_2522","0.768633021790639"
"C2089","wiki_books_14212","0.9977199509497612"
"C2501","wiki_books_4207","0.9977199509497612"
"C136","wiki_books_15732","0.998555920720156"
"C4690","wiki_books_16246","0.9982785280613697"
"C2835","wiki_books_2540","0.9984807194329935"
"C4053","wiki_books_16366","0.9986730866360932"
"C4543","wiki_books_4014","0.9982785280613697"
"C4886","wiki_books_7380","0.9956110331199687"
"C5584","wiki_books_12974","0.9984807194329935"
"C2502","wiki_books_4208","0.9977199509497612"
"C3105","wiki_books_9911","0.998555920720156"
"C2342","wiki_books_4890","0.9971736875404766"
"C2631","wiki_books_1805","0.768633021790639"
"C997","wiki_books_4267","0.9982785280613697"
"C975","wiki_books_14025","0.9982785280613697"
"C455","wiki_books_10591","0.9975690915268887"
"C2343","wiki_books_4890","0.9971736875404766"
"C5398","wiki_books_7462","0.9981387366450695"
"C983","wiki_books_10321","0.9979588525566941"
"C5065","wiki_books_13514","0.9982785280613697"
"C1230","wiki_books_5765","0.9982785280613697"
"C3756","wiki_books_823","0.9977199509497612"
"C2818","wiki_books_11679","0.9981387366450695"
"C4925","wiki_books_13647","0.9981387366450695"
"C958","wiki_books_11684","0.9981387366450695"
"C679","wiki_books_1710","0.9977199509497612"
"C3628","wiki_books_5138","0.9982785280613697"
"C4406","wiki_books_11236","0.9983899758064708"
"C2550","wiki_books_12532","0.768633021790639"
"C281","wiki_books_16237","0.998555920720156"
"C1287","wiki_books_13356","0.9982785280613697"
"C3963","wiki_books_3829","0.9980547698585307"
"C4644","wiki_books_13091","0.9981387366450695"
"C1517","wiki_books_14631","0.9979588525566941"
"C3420","wiki_books_5527","0.9523464363071484"
"C4344","wiki_books_4923","0.9982785280613697"
"C4216","wiki_books_276","0.9982785280613697"
"C2617","wiki_books_10249","0.880415369974958"
"C154","wiki_books_10274","0.9981387366450695"
"C1275","wiki_books_13356","0.9982785280613697"
"C248","wiki_books_1336","0.9971736875404766"
"C4059","wiki_books_6414","0.9984807194329935"
"C399","wiki_books_8449","0.9982785280613697"
"C239","wiki_books_1803","0.9984807194329935"
"C2548","wiki_books_9878","0.768633021790639"
"C4989","wiki_books_3201","0.9973897655413393"
"C963","wiki_books_13157","0.9982785280613697"
"C1654","wiki_books_12870","0.9899487952237715"
"C2326","wiki_books_10066","0.9977199509497612"
"C2845","wiki_books_717","0.9956110331199687"
"C2588","wiki_books_9291","0.998555920720156"
"C2842","wiki_books_446","0.9956110331199687"
"C2513","wiki_books_4208","0.9977199509497612"
"C4878","wiki_books_4377","0.9986191818033784"
"C2514","wiki_books_4207","0.9977199509497612"
"C2836","wiki_books_2540","0.9984807194329935"
"C4054","wiki_books_16366","0.9986730866360932"
"C2708","wiki_books_14424","0.9981387366450695"
"C1909","wiki_books_6443","0.898859310188538"
"C1253","wiki_books_1542","0.9973897655413393"
"C135","wiki_books_15732","0.998555920720156"
"C2501","wiki_books_4208","0.9977199509497612"
"C2177","wiki_books_12414","0.9977199509497612"
"C614","wiki_books_12746","0.9984807194329935"
"C2632","wiki_books_1805","0.768633021790639"
"C2502","wiki_books_4207","0.9977199509497612"
"C2341","wiki_books_4890","0.9971736875404766"
"C2816","wiki_books_13977","0.9956110331199687"
"C3497","wiki_books_6958","0.9977199509497612"
"C984","wiki_books_10321","0.9979588525566941"
"C279","wiki_books_11876","0.9984807194329935"
"C3120","wiki_books_90","0.9977199509497612"
"C4941","wiki_books_15101","0.9979588525566941"
"C1254","wiki_books_1542","0.9973897655413393"
"C955","wiki_books_2139","0.9977199509497612"
"C5583","wiki_books_12974","0.9984807194329935"
"C244","wiki_books_12778","0.9981387366450695"
"C678","wiki_books_1710","0.9977199509497612"
"C2009","wiki_books_10825","0.9982785280613697"
"C3596","wiki_books_12509","0.9986730866360932"
"C5677","wiki_books_9699","0.9982785280613697"
"C4950","wiki_books_14133","0.9981387366450695"
"C496","wiki_books_11957","0.9983899758064708"
"C1286","wiki_books_13356","0.9982785280613697"
"C575","wiki_books_15121","0.9018024478619744"
"C1516","wiki_books_14631","0.9979588525566941"
"C1341","wiki_books_7519","0.9981387366450695"
"C3962","wiki_books_3829","0.9980547698585307"
"C2506","wiki_books_5052","0.9977199509497612"
"C2551","wiki_books_12532","0.768633021790639"
"C2379","wiki_books_7698","0.9979588525566941"
"C3755","wiki_books_823","0.9977199509497612"
"C1274","wiki_books_13356","0.9982785280613697"
"C1028","wiki_books_10341","0.9982785280613697"
"C5082","wiki_books_7500","0.998555920720156"
"C2549","wiki_books_9878","0.768633021790639"
"C5017","wiki_books_3827","0.9971736875404766"
"C3090","wiki_books_6642","0.9987599454222382"
"C588","wiki_books_7253","0.9979588525566941"
"C2748","wiki_books_12595","0.9956110331199687"
"C2587","wiki_books_9291","0.998555920720156"
"C4055","wiki_books_13452","0.9981387366450695"
"C574","wiki_books_5398","0.9969092130629666"
"C2512","wiki_books_4208","0.9977199509497612"
"C2511","wiki_books_4207","0.9977199509497612"
"C2503","wiki_books_5052","0.9977199509497612"
"C2748","wiki_books_12583","0.9956110331199687"
"C125","wiki_books_690","0.9938366806133107"
"C4877","wiki_books_4377","0.9986191818033784"
"C2844","wiki_books_717","0.9956110331199687"
"C2571","wiki_books_10288","0.9979588525566941"
"C2837","wiki_books_2540","0.9984807194329935"
"C4929","wiki_books_13515","0.9977199509497612"
"C2500","wiki_books_4208","0.9977199509497612"
"C4940","wiki_books_11892","0.9981387366450695"
"C934","wiki_books_10770","0.998555920720156"
"C3521","wiki_books_16376","0.9981387366450695"
"C2178","wiki_books_12414","0.9977199509497612"
"C988","wiki_books_12289","0.9982785280613697"
"C4505","wiki_books_2008","0.9983899758064708"
"C3200","wiki_books_10662","0.9979588525566941"
"C47","wiki_books_13492","0.9018024478619744"
"C2289","wiki_books_14827","0.9979588525566941"
"C3322","wiki_books_15219","0.768633021790639"
"C2760","wiki_books_9036","0.9981387366450695"
"C2190","wiki_books_15279","0.9982785280613697"
"C3979","wiki_books_9431","0.8526112198499249"
"C985","wiki_books_10321","0.9979588525566941"
"C2345","wiki_books_4890","0.9971736875404766"
"C134","wiki_books_15732","0.998555920720156"
"C305","wiki_books_16497","0.9983899758064708"
"C2838","wiki_books_2540","0.9984807194329935"
"C5607","wiki_books_5457","0.9981387366450695"
"C2333","wiki_books_4890","0.9971736875404766"
"C5292","wiki_books_8010","0.9982785280613697"
"C576","wiki_books_15121","0.9018024478619744"
"C1340","wiki_books_7519","0.9981387366450695"
"C2329","wiki_books_10066","0.9977199509497612"
"C2552","wiki_books_12532","0.768633021790639"
"C2418","wiki_books_481","0.9956110331199687"
"C1289","wiki_books_13356","0.9982785280613697"
"C234","wiki_books_9843","0.9984807194329935"
"C3754","wiki_books_823","0.9977199509497612"
"C3850","wiki_books_10280","0.9981387366450695"
"C1519","wiki_books_14631","0.9979588525566941"
"C4218","wiki_books_276","0.9982785280613697"
"C2706","wiki_books_15235","0.9983899758064708"
"C1277","wiki_books_13356","0.9982785280613697"
"C5067","wiki_books_13514","0.9982785280613697"
"C2245","wiki_books_9478","0.9982785280613697"
"C924","wiki_books_3761","0.9986191818033784"
"C4430","wiki_books_10038","0.9982785280613697"
"C3143","wiki_books_7686","0.9984807194329935"
"C2899","wiki_books_556","0.9977199509497612"
"C3506","wiki_books_10386","0.8526112198499249"
"C5018","wiki_books_3827","0.9971736875404766"
"C1709","wiki_books_6892","0.9973897655413393"
"C2238","wiki_books_13262","0.9961596615607872"
"C4077","wiki_books_7120","0.9971736875404766"
"C2504","wiki_books_5052","0.9977199509497612"
"C1579","wiki_books_12254","0.998555920720156"
"C1350","wiki_books_1058","0.9938366806133107"
"C441","wiki_books_16186","0.9984807194329935"
"C2553","wiki_books_12532","0.768633021790639"
"C2510","wiki_books_4209","0.9977199509497612"
"C5177","wiki_books_8780","0.9983899758064708"
"C2511","wiki_books_4208","0.9977199509497612"
"C2847","wiki_books_725","0.9956110331199687"
"C4605","wiki_books_2505","0.9982785280613697"
"C1197","wiki_books_8136","0.9815435931840114"
"C126","wiki_books_690","0.9938366806133107"
"C1339","wiki_books_9126","0.9973897655413393"
"C2512","wiki_books_4207","0.9977199509497612"
"C2843","wiki_books_717","0.9956110331199687"
"C4876","wiki_books_4377","0.9986191818033784"
"C2500","wiki_books_4207","0.9977199509497612"
"C1882","wiki_books_8897","0.9982785280613697"
"C1524","wiki_books_16114","0.9979588525566941"
"C3782","wiki_books_556","0.9977199509497612"
"C3701","wiki_books_11731","0.9981387366450695"
"C2188","wiki_books_11986","0.9981387366450695"
"C4504","wiki_books_2008","0.9983899758064708"
"C48","wiki_books_13492","0.9018024478619744"
"C3201","wiki_books_10662","0.9979588525566941"
"C773","wiki_books_13942","0.8526112198499249"
"C2344","wiki_books_4890","0.9971736875404766"
"C5066","wiki_books_13514","0.9982785280613697"
"C5079","wiki_books_15428","0.9984807194329935"
"C2191","wiki_books_15279","0.9982785280613697"
"C5572","wiki_books_16319","0.9961596615607872"
"C1774","wiki_books_14105","0.9983899758064708"
"C3978","wiki_books_9431","0.8526112198499249"
"C4921","wiki_books_4015","0.9984807194329935"
"C2761","wiki_books_9036","0.9981387366450695"
"C986","wiki_books_10321","0.9979588525566941"
"C454","wiki_books_11064","0.998555920720156"
"C5478","wiki_books_10060","0.998555920720156"
"C2839","wiki_books_2540","0.9984807194329935"
"C385","wiki_books_8304","0.9956110331199687"
"C133","wiki_books_15732","0.998555920720156"
"C5608","wiki_books_5457","0.9981387366450695"
"C5140","wiki_books_14083","0.9979588525566941"
"C3371","wiki_books_6669","0.9983899758064708"
"C2361","wiki_books_1614","0.9499650742868623"
"C233","wiki_books_9843","0.9984807194329935"
"C4575","wiki_books_13258","0.9984807194329935"
"C3964","wiki_books_3829","0.9980547698585307"
"C1196","wiki_books_8136","0.9815435931840114"
"C216","wiki_books_12717","0.9982785280613697"
"C1288","wiki_books_13356","0.9982785280613697"
"C4669","wiki_books_14081","0.9973897655413393"
"C2328","wiki_books_10066","0.9977199509497612"
"C1518","wiki_books_14631","0.9979588525566941"
"C949","wiki_books_12310","0.9982785280613697"
"C2547","wiki_books_9878","0.768633021790639"
"C4217","wiki_books_276","0.9982785280613697"
"C398","wiki_books_8449","0.9982785280613697"
"C3814","wiki_books_10216","0.7067210892031704"
"C238","wiki_books_1803","0.9984807194329935"
"C261","wiki_books_11872","0.9969092130629666"
"C4660","wiki_books_12689","0.9956110331199687"
"C1276","wiki_books_13356","0.9982785280613697"
"C220","wiki_books_12328","0.9979588525566941"
"C868","wiki_books_11929","0.8162469850626441"
"C4058","wiki_books_6414","0.9984807194329935"
"C4307","wiki_books_13695","0.9977199509497612"
"C3936","wiki_books_16438","0.768633021790639"
"C3980","wiki_books_9431","0.8526112198499249"
"C2501","wiki_books_5052","0.9977199509497612"
"C3931","wiki_books_1758","0.9977199509497612"
"C1260","wiki_books_1542","0.9973897655413393"
"C471","wiki_books_15629","0.9982785280613697"
"C4981","wiki_books_16448","0.998555920720156"
"C3298","wiki_books_4420","0.9983899758064708"
"C3746","wiki_books_16297","0.9984807194329935"
"C4453","wiki_books_14336","0.9977199509497612"
"C1283","wiki_books_13356","0.9982785280613697"
"C878","wiki_books_7826","0.9983899758064708"
"C2861","wiki_books_5248","0.9965795382920091"
"C5556","wiki_books_1740","0.9956110331199687"
"C2323","wiki_books_10066","0.9977199509497612"
"C2301","wiki_books_12111","0.9977199509497612"
"C1504","wiki_books_14164","0.9981387366450695"
"C5454","wiki_books_10105","0.998555920720156"
"C3264","wiki_books_3861","0.9984807194329935"
"C4996","wiki_books_3201","0.9973897655413393"
"C2845","wiki_books_446","0.9956110331199687"
"C2842","wiki_books_717","0.9956110331199687"
"C2667","wiki_books_5646","0.9969092130629666"
"C4971","wiki_books_9606","0.9977199509497612"
"C2513","wiki_books_5052","0.9977199509497612"
"C2523","wiki_books_16194","0.9984807194329935"
"C2505","wiki_books_4207","0.9977199509497612"
"C270","wiki_books_4251","0.9982785280613697"
"C1523","wiki_books_16114","0.9979588525566941"
"C2506","wiki_books_4208","0.9977199509497612"
"C5573","wiki_books_14926","0.9956110331199687"
"C3295","wiki_books_10664","0.9977199509497612"
"C271","wiki_books_4251","0.9982785280613697"
"C1890","wiki_books_12299","0.9984807194329935"
"C2100","wiki_books_1936","0.768633021790639"
"C207","wiki_books_15758","0.998555920720156"
"C3847","wiki_books_12517","0.9982785280613697"
"C2006","wiki_books_10825","0.9982785280613697"
"C2507","wiki_books_4209","0.9977199509497612"
"C5168","wiki_books_14734","0.9859505852502041"
"C1120","wiki_books_912","0.9938366806133107"
"C3049","wiki_books_12534","0.9984807194329935"
"C2192","wiki_books_15279","0.9982785280613697"
"C2448","wiki_books_13396","0.9984807194329935"
"C1550","wiki_books_13868","0.9979588525566941"
"C2225","wiki_books_13779","0.9984807194329935"
"C1244","wiki_books_1177","0.9979588525566941"
"C902","wiki_books_9270","0.9983899758064708"
"C4970","wiki_books_12983","0.9977199509497612"
"C1432","wiki_books_16529","0.9719981445726236"
"C760","wiki_books_16066","0.998555920720156"
"C2550","wiki_books_12690","0.768633021790639"
"C5689","wiki_books_12423","0.9983899758064708"
"C4404","wiki_books_13397","0.9969092130629666"
"C501","wiki_books_92","0.9977199509497612"
"C4948","wiki_books_13152","0.998555920720156"
"C2018","wiki_books_10825","0.9982785280613697"
"C2322","wiki_books_10066","0.9977199509497612"
"C3243","wiki_books_10131","0.9979588525566941"
"C2514","wiki_books_5052","0.9977199509497612"
"C5601","wiki_books_12660","0.998555920720156"
"C3297","wiki_books_4420","0.9983899758064708"
"C2300","wiki_books_12111","0.9977199509497612"
"C1282","wiki_books_13356","0.9982785280613697"
"C4997","wiki_books_3201","0.9973897655413393"
"C3745","wiki_books_16297","0.9984807194329935"
"C2502","wiki_books_5052","0.9977199509497612"
"C4721","wiki_books_12757","0.9981387366450695"
"C877","wiki_books_7826","0.9983899758064708"
"C489","wiki_books_12777","0.9981387366450695"
"C3243","wiki_books_11267","0.9979588525566941"
"C2449","wiki_books_13396","0.9984807194329935"
"C219","wiki_books_12328","0.9979588525566941"
"C4887","wiki_books_11840","0.9018024478619744"
"C2544","wiki_books_8038","0.9969092130629666"
"C4911","wiki_books_13372","0.998555920720156"
"C2846","wiki_books_446","0.9956110331199687"
"C4980","wiki_books_16448","0.998555920720156"
"C5453","wiki_books_10105","0.998555920720156"
"C1261","wiki_books_1542","0.9973897655413393"
"C2769","wiki_books_9803","0.9979588525566941"
"C1522","wiki_books_16114","0.9979588525566941"
"C2524","wiki_books_16194","0.9984807194329935"
"C4693","wiki_books_16246","0.9982785280613697"
"C4970","wiki_books_9606","0.9977199509497612"
"C950","wiki_books_12310","0.9982785280613697"
"C2505","wiki_books_4208","0.9977199509497612"
"C206","wiki_books_15758","0.998555920720156"
"C692","wiki_books_13599","0.9986730866360932"
"C4484","wiki_books_13830","0.9981387366450695"
"C2506","wiki_books_4207","0.9977199509497612"
"C2508","wiki_books_4209","0.9977199509497612"
"C3161","wiki_books_3403","0.9983899758064708"
"C4771","wiki_books_14939","0.998555920720156"
"C2005","wiki_books_10825","0.9982785280613697"
"C2175","wiki_books_10818","0.9981387366450695"
"C5169","wiki_books_14734","0.9859505852502041"
"C2355","wiki_books_16305","0.9981387366450695"
"C2711","wiki_books_12345","0.998555920720156"
"C2193","wiki_books_15279","0.9982785280613697"
"C903","wiki_books_9270","0.9983899758064708"
"C1433","wiki_books_16529","0.9719981445726236"
"C696","wiki_books_15454","0.9982785280613697"
"C4405","wiki_books_13397","0.9969092130629666"
"C386","wiki_books_794","0.9971736875404766"
"C4971","wiki_books_12983","0.9977199509497612"
"C1243","wiki_books_1177","0.9979588525566941"
"C2029","wiki_books_10825","0.9982785280613697"
"C4065","wiki_books_8518","0.9984807194329935"
"C3125","wiki_books_6730","0.9982785280613697"
"C1426","wiki_books_8901","0.9973897655413393"
"C4947","wiki_books_13152","0.998555920720156"
"C3243","wiki_books_1761","0.9979588525566941"
"C4333","wiki_books_908","0.9981387366450695"
"C2509","wiki_books_14976","0.9977199509497612"
"C502","wiki_books_92","0.9977199509497612"
"C2017","wiki_books_10825","0.9982785280613697"
"C2551","wiki_books_12690","0.768633021790639"
"C3933","wiki_books_1758","0.9977199509497612"
"C1945","wiki_books_12223","0.9984807194329935"
"C2282","wiki_books_4935","0.9981387366450695"
"C4491","wiki_books_1557","0.9969092130629666"
"C1316","wiki_books_8436","0.8526112198499249"
"C2843","wiki_books_446","0.9956110331199687"
"C5586","wiki_books_13606","0.9523464363071484"
"C2585","wiki_books_11010","0.9973897655413393"
"C876","wiki_books_7826","0.9983899758064708"
"C4369","wiki_books_8313","0.9983899758064708"
"C4998","wiki_books_3201","0.9973897655413393"
"C2361","wiki_books_164","0.9499650742868623"
"C2325","wiki_books_10066","0.9977199509497612"
"C4983","wiki_books_16448","0.998555920720156"
"C1285","wiki_books_13356","0.9982785280613697"
"C4692","wiki_books_16246","0.9982785280613697"
"C2456","wiki_books_13880","0.9933971537796173"
"C2733","wiki_books_15899","0.9969092130629666"
"C4910","wiki_books_13372","0.998555920720156"
"C4579","wiki_books_14286","0.9983899758064708"
"C998","wiki_books_13643","0.9982785280613697"
"C272","wiki_books_1918","0.9983899758064708"
"C2503","wiki_books_4207","0.9977199509497612"
"C2332","wiki_books_12788","0.9984807194329935"
"C2511","wiki_books_5052","0.9977199509497612"
"C3437","wiki_books_11985","0.9983899758064708"
"C1521","wiki_books_16114","0.9979588525566941"
"C2504","wiki_books_4208","0.9977199509497612"
"C4246","wiki_books_12723","0.9981387366450695"
"C2823","wiki_books_14696","0.9981387366450695"
"C1122","wiki_books_912","0.9938366806133107"
"C3047","wiki_books_12534","0.9984807194329935"
"C5143","wiki_books_6820","0.998555920720156"
"C2509","wiki_books_4209","0.9977199509497612"
"C2008","wiki_books_10825","0.9982785280613697"
"C4399","wiki_books_13090","0.9018024478619744"
"C579","wiki_books_997","0.9982785280613697"
"C3187","wiki_books_3932","0.9986191818033784"
"C2446","wiki_books_13396","0.9984807194329935"
"C954","wiki_books_2139","0.9977199509497612"
"C5080","wiki_books_14035","0.9975690915268887"
"C1573","wiki_books_189","0.9977199509497612"
"C1213","wiki_books_169","0.9938366806133107"
"C3215","wiki_books_15264","0.9971736875404766"
"C827","wiki_books_6019","0.998555920720156"
"C1740","wiki_books_13051","0.9984807194329935"
"C3961","wiki_books_3829","0.9980547698585307"
"C4946","wiki_books_13152","0.998555920720156"
"C3286","wiki_books_15448","0.9719981445726236"
"C4075","wiki_books_16009","0.998555920720156"
"C5137","wiki_books_15634","0.9969092130629666"
"C2508","wiki_books_14976","0.9977199509497612"
"C2552","wiki_books_12690","0.768633021790639"
"C695","wiki_books_15454","0.9982785280613697"
"C5381","wiki_books_10992","0.9986191818033784"
"C1711","wiki_books_14618","0.9969092130629666"
"C4332","wiki_books_908","0.9981387366450695"
"C1637","wiki_books_3081","0.998555920720156"
"C2553","wiki_books_12690","0.768633021790639"
"C1946","wiki_books_12223","0.9984807194329935"
"C3932","wiki_books_1758","0.9977199509497612"
"C2500","wiki_books_5052","0.9977199509497612"
"C1117","wiki_books_15179","0.9977199509497612"
"C1317","wiki_books_8436","0.8526112198499249"
"C4999","wiki_books_3201","0.9973897655413393"
"C875","wiki_books_7826","0.9983899758064708"
"C4452","wiki_books_14336","0.9977199509497612"
"C2844","wiki_books_446","0.9956110331199687"
"C4982","wiki_books_16448","0.998555920720156"
"C4184","wiki_books_3322","0.9983899758064708"
"C2324","wiki_books_10066","0.9977199509497612"
"C1284","wiki_books_13356","0.9982785280613697"
"C2860","wiki_books_5248","0.9965795382920091"
"C470","wiki_books_15629","0.9982785280613697"
"C788","wiki_books_13509","0.9977199509497612"
"C4691","wiki_books_16246","0.9982785280613697"
"C2734","wiki_books_15899","0.9969092130629666"
"C294","wiki_books_8264","0.9983899758064708"
"C3243","wiki_books_6558","0.9979588525566941"
"C2512","wiki_books_5052","0.9977199509497612"
"C2272","wiki_books_14907","0.9979588525566941"
"C4880","wiki_books_12515","0.9981387366450695"
"C2668","wiki_books_5646","0.9969092130629666"
"C2503","wiki_books_4208","0.9977199509497612"
"C2504","wiki_books_4207","0.9977199509497612"
"C3438","wiki_books_11985","0.9983899758064708"
"C976","wiki_books_12562","0.9987195333496505"
"C5142","wiki_books_6820","0.998555920720156"
"C5120","wiki_books_829","0.9942237463009387"
"C2007","wiki_books_10825","0.9982785280613697"
"C1520","wiki_books_16114","0.9979588525566941"
"C1121","wiki_books_912","0.9938366806133107"
"C4431","wiki_books_13124","0.9978483769011275"
"C3290","wiki_books_10612","0.9984807194329935"
"C2353","wiki_books_16305","0.9981387366450695"
"C4585","wiki_books_12894","0.9969092130629666"
"C1210","wiki_books_15340","0.9981387366450695"
"C4652","wiki_books_10509","0.9983899758064708"
"C3048","wiki_books_12534","0.9984807194329935"
"C1574","wiki_books_189","0.9977199509497612"
"C1214","wiki_books_169","0.9938366806133107"
"C2447","wiki_books_13396","0.9984807194329935"
"C3214","wiki_books_15264","0.9971736875404766"
"C1712","wiki_books_14618","0.9969092130629666"
"C4530","wiki_books_11120","0.9979588525566941"
"C4361","wiki_books_14926","0.9956110331199687"
"C5060","wiki_books_2790","0.9961596615607872"
"C3717","wiki_books_12900","0.9982785280613697"
"C2019","wiki_books_10825","0.9982785280613697"
"C4076","wiki_books_16009","0.998555920720156"
"C3885","wiki_books_13719","0.9984807194329935"
"C3977","wiki_books_10978","0.9979588525566941"
"C249","wiki_books_1336","0.9971736875404766"
"C4331","wiki_books_908","0.9981387366450695"
"C5138","wiki_books_15634","0.9969092130629666"
"C2507","wiki_books_14976","0.9977199509497612"
"C4985","wiki_books_16448","0.998555920720156"
"C4436","wiki_books_10211","0.8526112198499249"
"C1314","wiki_books_8436","0.8526112198499249"
"C839","wiki_books_10333","0.9979588525566941"
"C2026","wiki_books_10825","0.9982785280613697"
"C2457","wiki_books_7796","0.9983899758064708"
"C874","wiki_books_7826","0.9983899758064708"
"C4740","wiki_books_9303","0.9975690915268887"
"C3437","wiki_books_8549","0.9983899758064708"
"C1690","wiki_books_14093","0.9973897655413393"
"C4686","wiki_books_16246","0.9982785280613697"
"C4646","wiki_books_10949","0.9986730866360932"
"C2284","wiki_books_10203","0.8162469850626441"
"C3849","wiki_books_10280","0.9981387366450695"
"C236","wiki_books_4914","0.9975690915268887"
"C2842","wiki_books_725","0.9956110331199687"
"C979","wiki_books_10321","0.9979588525566941"
"C550","wiki_books_3354","0.9979588525566941"
"C2104","wiki_books_9006","0.998555920720156"
"C3513","wiki_books_14559","0.9986730866360932"
"C3571","wiki_books_16299","0.9982785280613697"
"C5171","wiki_books_10846","0.9982785280613697"
"C4992","wiki_books_3201","0.9973897655413393"
"C2503","wiki_books_4209","0.9977199509497612"
"C3154","wiki_books_3769","0.9956110331199687"
"C5130","wiki_books_11668","0.9983899758064708"
"C2091","wiki_books_5648","0.9981387366450695"
"C1738","wiki_books_1843","0.9977199509497612"
"C5121","wiki_books_829","0.9942237463009387"
"C361","wiki_books_9786","0.9983899758064708"
"C1784","wiki_books_1062","0.9942237463009387"
"C2477","wiki_books_5781","0.9859505852502041"
"C2509","wiki_books_4207","0.9977199509497612"
"C2444","wiki_books_13396","0.9984807194329935"
"C1881","wiki_books_11091","0.998555920720156"
"C2014","wiki_books_10825","0.9982785280613697"
"C1215","wiki_books_169","0.9938366806133107"
"C3117","wiki_books_90","0.9977199509497612"
"C3310","wiki_books_12812","0.9982785280613697"
"C2339","wiki_books_4890","0.9971736875404766"
"C3995","wiki_books_13282","0.9979588525566941"
"C3929","wiki_books_3344","0.9973897655413393"
"C2242","wiki_books_1648","0.9981387366450695"
"C3711","wiki_books_16171","0.9979588525566941"
"C2592","wiki_books_9291","0.998555920720156"
"C2100","wiki_books_1614","0.768633021790639"
"C2002","wiki_books_10825","0.9982785280613697"
"C3617","wiki_books_1196","0.9977199509497612"
"C2506","wiki_books_14976","0.9977199509497612"
"C4765","wiki_books_2504","0.9973897655413393"
"C5488","wiki_books_11067","0.9982785280613697"
"C3587","wiki_books_13720","0.9982785280613697"
"C2505","wiki_books_14976","0.9977199509497612"
"C2840","wiki_books_2540","0.9984807194329935"
"C2383","wiki_books_7936","0.9018024478619744"
"C873","wiki_books_7826","0.9983899758064708"
"C1535","wiki_books_15118","0.9979588525566941"
"C3438","wiki_books_8549","0.9983899758064708"
"C1252","wiki_books_16386","0.7067210892031704"
"C1315","wiki_books_8436","0.8526112198499249"
"C2816","wiki_books_14926","0.9956110331199687"
"C2025","wiki_books_10825","0.9982785280613697"
"C4984","wiki_books_16448","0.998555920720156"
"C4993","wiki_books_3201","0.9973897655413393"
"C939","wiki_books_1905","0.9984807194329935"
"C3983","wiki_books_9431","0.8526112198499249"
"C2504","wiki_books_4209","0.9977199509497612"
"C5460","wiki_books_1384","0.9984807194329935"
"C991","wiki_books_13823","0.9971736875404766"
"C2510","wiki_books_5052","0.9977199509497612"
"C3164","wiki_books_2854","0.9973897655413393"
"C2090","wiki_books_5648","0.9981387366450695"
"C990","wiki_books_13823","0.9971736875404766"
"C649","wiki_books_2859","0.9969092130629666"
"C4429","wiki_books_16344","0.9981387366450695"
"C4963","wiki_books_13421","0.9977199509497612"
"C3046","wiki_books_12534","0.9984807194329935"
"C4324","wiki_books_11478","0.9982785280613697"
"C2509","wiki_books_4208","0.9977199509497612"
"C2591","wiki_books_9291","0.998555920720156"
"C2445","wiki_books_13396","0.9984807194329935"
"C1855","wiki_books_14649","0.9981387366450695"
"C4894","wiki_books_12779","0.9981387366450695"
"C4553","wiki_books_91","0.9977199509497612"
"C3294","wiki_books_3304","0.9981387366450695"
"C488","wiki_books_13846","0.768633021790639"
"C4649","wiki_books_13867","0.9986730866360932"
"C4919","wiki_books_16372","0.768633021790639"
"C2539","wiki_books_15306","0.9984807194329935"
"C1216","wiki_books_169","0.9938366806133107"
"C2338","wiki_books_4890","0.9971736875404766"
"C3710","wiki_books_16171","0.9979588525566941"
"C2013","wiki_books_10825","0.9982785280613697"
"C3324","wiki_books_8236","0.880415369974958"
"C2309","wiki_books_11593","0.9983899758064708"
"C2375","wiki_books_14504","0.9981387366450695"
"C4079","wiki_books_2781","0.9982785280613697"
"C2001","wiki_books_10825","0.9982785280613697"
"C2841","wiki_books_2540","0.9984807194329935"
"C951","wiki_books_12310","0.9982785280613697"
"C2146","wiki_books_10228","0.9882311659453628"
"C2504","wiki_books_14976","0.9977199509497612"
"C4987","wiki_books_16448","0.998555920720156"
"C4937","wiki_books_10615","0.9977199509497612"
"C872","wiki_books_7826","0.9983899758064708"
"C1281","wiki_books_13356","0.9982785280613697"
"C3415","wiki_books_13190","0.998555920720156"
"C4601","wiki_books_8335","0.9969092130629666"
"C2028","wiki_books_10825","0.9982785280613697"
"C3130","wiki_books_7502","0.998555920720156"
"C3249","wiki_books_8262","0.9982785280613697"
"C4970","wiki_books_5459","0.9977199509497612"
"C1312","wiki_books_8436","0.8526112198499249"
"C3119","wiki_books_90","0.9977199509497612"
"C4994","wiki_books_3201","0.9973897655413393"
"C2847","wiki_books_446","0.9956110331199687"
"C4552","wiki_books_91","0.9977199509497612"
"C1642","wiki_books_3585","0.9983899758064708"
"C4970","wiki_books_11552","0.9977199509497612"
"C4971","wiki_books_11551","0.9977199509497612"
"C2505","wiki_books_4209","0.9977199509497612"
"C5427","wiki_books_10886","0.9956110331199687"
"C3982","wiki_books_9431","0.8526112198499249"
"C2418","wiki_books_159","0.9956110331199687"
"C2507","wiki_books_4207","0.9977199509497612"
"C2152","wiki_books_10230","0.9882311659453628"
"C2508","wiki_books_4208","0.9977199509497612"
"C2004","wiki_books_10825","0.9982785280613697"
"C2590","wiki_books_9291","0.998555920720156"
"C4540","wiki_books_16340","0.9979588525566941"
"C632","wiki_books_11934","0.9969092130629666"
"C855","wiki_books_12476","0.9984807194329935"
"C4770","wiki_books_14939","0.998555920720156"
"C2442","wiki_books_13396","0.9984807194329935"
"C1193","wiki_books_15958","0.9977199509497612"
"C5166","wiki_books_14734","0.9859505852502041"
"C2237","wiki_books_12256","0.9969092130629666"
"C1409","wiki_books_14791","0.9984807194329935"
"C5669","wiki_books_14799","0.9969092130629666"
"C2710","wiki_books_12345","0.998555920720156"
"C3436","wiki_books_10621","0.9983899758064708"
"C4428","wiki_books_16344","0.9981387366450695"
"C4064","wiki_books_8518","0.9984807194329935"
"C2748","wiki_books_12689","0.9956110331199687"
"C4039","wiki_books_16015","0.9981387366450695"
"C4531","wiki_books_11130","0.9987195333496505"
"C1242","wiki_books_1177","0.9979588525566941"
"C666","wiki_books_13826","0.9784427828126342"
"C1428","wiki_books_11312","0.9973897655413393"
"C4123","wiki_books_7580","0.9982785280613697"
"C2016","wiki_books_10825","0.9982785280613697"
"C5449","wiki_books_10105","0.998555920720156"
"C4078","wiki_books_2781","0.9982785280613697"
"C871","wiki_books_7826","0.9983899758064708"
"C4660","wiki_books_12583","0.9956110331199687"
"C2388","wiki_books_3998","0.9980547698585307"
"C3186","wiki_books_12732","0.9986191818033784"
"C4986","wiki_books_16448","0.998555920720156"
"C5447","wiki_books_10105","0.998555920720156"
"C4660","wiki_books_12595","0.9956110331199687"
"C2503","wiki_books_14976","0.9977199509497612"
"C1280","wiki_books_13356","0.9982785280613697"
"C4600","wiki_books_8335","0.9969092130629666"
"C3662","wiki_books_508","0.9982785280613697"
"C4971","wiki_books_5459","0.9977199509497612"
"C2771","wiki_books_13524","0.8526112198499249"
"C2027","wiki_books_10825","0.9982785280613697"
"C3416","wiki_books_13190","0.998555920720156"
"C3118","wiki_books_90","0.9977199509497612"
"C1313","wiki_books_8436","0.8526112198499249"
"C4645","wiki_books_10949","0.9986730866360932"
"C3643","wiki_books_10665","0.9986191818033784"
"C4970","wiki_books_11551","0.9977199509497612"
"C4551","wiki_books_91","0.9977199509497612"
"C4971","wiki_books_11552","0.9977199509497612"
"C578","wiki_books_11052","0.9983899758064708"
"C1503","wiki_books_14164","0.9981387366450695"
"C4995","wiki_books_3201","0.9973897655413393"
"C5426","wiki_books_10886","0.9956110331199687"
"C5510","wiki_books_12954","0.9965795382920091"
"C2830","wiki_books_2540","0.9984807194329935"
"C3981","wiki_books_9431","0.8526112198499249"
"C5125","wiki_books_9700","0.9979588525566941"
"C2507","wiki_books_4208","0.9977199509497612"
"C2508","wiki_books_4207","0.9977199509497612"
"C4848","wiki_books_7797","0.9983899758064708"
"C2443","wiki_books_13396","0.9984807194329935"
"C1739","wiki_books_1843","0.9977199509497612"
"C2506","wiki_books_4209","0.9977199509497612"
"C2171","wiki_books_13350","0.9981387366450695"
"C1408","wiki_books_14791","0.9984807194329935"
"C3875","wiki_books_15280","0.9983899758064708"
"C4873","wiki_books_3427","0.9973897655413393"
"C5167","wiki_books_14734","0.9859505852502041"
"C3470","wiki_books_11132","0.9979588525566941"
"C1868","wiki_books_8659","0.9979588525566941"
"C4427","wiki_books_16344","0.9981387366450695"
"C4063","wiki_books_8518","0.9984807194329935"
"C3928","wiki_books_3344","0.9973897655413393"
"C3994","wiki_books_13282","0.9979588525566941"
"C2015","wiki_books_10825","0.9982785280613697"
"C2243","wiki_books_1648","0.9981387366450695"
"C5555","wiki_books_10390","0.9979588525566941"
"C1702","wiki_books_13109","0.9981387366450695"
"C1241","wiki_books_1177","0.9979588525566941"
"C5134","wiki_books_12967","0.9982785280613697"
"C2003","wiki_books_10825","0.9982785280613697"
"C2663","wiki_books_12718","0.9982785280613697"
"C5448","wiki_books_10105","0.998555920720156"
"C4766","wiki_books_2504","0.9973897655413393"
"C4466","wiki_books_703","0.9977199509497612"
"C2022","wiki_books_10825","0.9982785280613697"
"C5124","wiki_books_9700","0.9979588525566941"
"C468","wiki_books_16508","0.9979588525566941"
"C4970","wiki_books_14638","0.9977199509497612"
"C1547","wiki_books_13868","0.9979588525566941"
"C2815","wiki_books_10749","0.998555920720156"
"C2010","wiki_books_10825","0.9982785280613697"
"C499","wiki_books_13222","0.9983899758064708"
"C4740","wiki_books_12349","0.9975690915268887"
"C1392","wiki_books_16383","0.7067210892031704"
"C2393","wiki_books_4233","0.9973897655413393"
"C1878","wiki_books_5760","0.9923175822309835"
"C4808","wiki_books_13180","0.9979588525566941"
"C4225","wiki_books_14898","0.998555920720156"
"C3976","wiki_books_56","0.9983899758064708"
"C2562","wiki_books_9696","0.9961596615607872"
"C1462","wiki_books_1179","0.9979588525566941"
"C5588","wiki_books_13188","0.9975690915268887"
"C854","wiki_books_12379","0.9981387366450695"
"C3593","wiki_books_547","0.9979588525566941"
"C5534","wiki_books_15554","0.9982785280613697"
"C4807","wiki_books_9451","0.9979588525566941"
"C3613","wiki_books_3901","0.9983899758064708"
"C1347","wiki_books_1058","0.9938366806133107"
"C2902","wiki_books_16168","0.9977199509497612"
"C3574","wiki_books_10273","0.9981387366450695"
"C2748","wiki_books_13977","0.9956110331199687"
"C3775","wiki_books_16078","0.9988797019949691"
"C3323","wiki_books_6021","0.9983899758064708"
"C4236","wiki_books_14898","0.998555920720156"
"C4560","wiki_books_11437","0.9973897655413393"
"C4902","wiki_books_1041","0.9938366806133107"
"C5052","wiki_books_11034","0.998555920720156"
"C5578","wiki_books_3232","0.9971736875404766"
"C5108","wiki_books_7509","0.9982785280613697"
"C4080","wiki_books_1450","0.9984807194329935"
"C5015","wiki_books_3027","0.9979588525566941"
"C496","wiki_books_13323","0.9983899758064708"
"C2900","wiki_books_5596","0.9977199509497612"
"C563","wiki_books_2637","0.9983899758064708"
"C4971","wiki_books_12978","0.9977199509497612"
"C5482","wiki_books_12818","0.9981387366450695"
"C132","wiki_books_13817","0.9982785280613697"
"C1971","wiki_books_5039","0.8162469850626441"
"C5585","wiki_books_4253","0.9982785280613697"
"C5123","wiki_books_9700","0.9979588525566941"
"C4971","wiki_books_14638","0.9977199509497612"
"C1546","wiki_books_13868","0.9979588525566941"
"C2021","wiki_books_10825","0.9982785280613697"
"C5550","wiki_books_15472","0.9979588525566941"
"C254","wiki_books_13550","0.9981387366450695"
"C4689","wiki_books_16246","0.9982785280613697"
"C935","wiki_books_1957","0.9979588525566941"
"C2142","wiki_books_5274","0.9982785280613697"
"C3131","wiki_books_7502","0.998555920720156"
"C2264","wiki_books_14909","0.9981387366450695"
"C1405","wiki_books_15810","0.9948716570670298"
"C2547","wiki_books_12690","0.768633021790639"
"C3086","wiki_books_11042","0.9523464363071484"
"C4238","wiki_books_14898","0.998555920720156"
"C2847","wiki_books_159","0.9956110331199687"
"C4807","wiki_books_13180","0.9979588525566941"
"C5587","wiki_books_13188","0.9975690915268887"
"C4226","wiki_books_14898","0.998555920720156"
"C3592","wiki_books_547","0.9979588525566941"
"C2563","wiki_books_9696","0.9961596615607872"
"C2033","wiki_books_10825","0.9982785280613697"
"C2498","wiki_books_4209","0.9977199509497612"
"C5370","wiki_books_1789","0.9979588525566941"
"C2361","wiki_books_5239","0.9499650742868623"
"C2418","wiki_books_446","0.9956110331199687"
"C4925","wiki_books_4907","0.9981387366450695"
"C2485","wiki_books_11304","0.9983899758064708"
"C2903","wiki_books_16168","0.9977199509497612"
"C2088","wiki_books_15174","0.9977199509497612"
"C4060","wiki_books_6414","0.9984807194329935"
"C2386","wiki_books_2776","0.998555920720156"
"C562","wiki_books_2637","0.9983899758064708"
"C4808","wiki_books_9451","0.9979588525566941"
"C4759","wiki_books_607","0.9977199509497612"
"C3275","wiki_books_7922","0.9956110331199687"
"C3293","wiki_books_12477","0.9981387366450695"
"C4752","wiki_books_15777","0.9984807194329935"
"C4237","wiki_books_14898","0.998555920720156"
"C2352","wiki_books_7879","0.9982785280613697"
"C1348","wiki_books_1058","0.9938366806133107"
"C4901","wiki_books_1041","0.9938366806133107"
"C2689","wiki_books_2350","0.768633021790639"
"C564","wiki_books_6959","0.9983899758064708"
"C665","wiki_books_13826","0.9784427828126342"
"C830","wiki_books_10045","0.9973897655413393"
"C3104","wiki_books_6729","0.9982785280613697"
"C4660","wiki_books_14926","0.9956110331199687"
"C3000","wiki_books_1774","0.982836611733845"
"C4493","wiki_books_12665","0.998555920720156"
"C2148","wiki_books_10225","0.9882311659453628"
"C2901","wiki_books_5596","0.9977199509497612"
"C2499","wiki_books_14976","0.9977199509497612"
"C4970","wiki_books_12978","0.9977199509497612"
"C2147","wiki_books_10224","0.9882311659453628"
"C3858","wiki_books_16107","0.9969092130629666"
"C1993","wiki_books_16008","0.9859505852502041"
"C5122","wiki_books_9700","0.9979588525566941"
"C5464","wiki_books_2184","0.768633021790639"
"C2269","wiki_books_14797","0.9982785280613697"
"C2817","wiki_books_10036","0.812427644284941"
"C681","wiki_books_1710","0.9977199509497612"
"C4688","wiki_books_16246","0.9982785280613697"
"C2024","wiki_books_10825","0.9982785280613697"
"C4574","wiki_books_3942","0.9984807194329935"
"C5025","wiki_books_12762","0.9981387366450695"
"C4084","wiki_books_11136","0.9973897655413393"
"C807","wiki_books_9237","0.9986191818033784"
"C2604","wiki_books_1128","0.9973897655413393"
"C2603","wiki_books_1129","0.9977199509497612"
"C1226","wiki_books_16344","0.9981387366450695"
"C2548","wiki_books_12690","0.768633021790639"
"C3351","wiki_books_13087","0.9984807194329935"
"C4708","wiki_books_7947","0.9979588525566941"
"C2842","wiki_books_481","0.9956110331199687"
"C1545","wiki_books_13868","0.9979588525566941"
"C2564","wiki_books_9696","0.9961596615607872"
"C686","wiki_books_14815","0.9983899758064708"
"C2821","wiki_books_1810","0.9969092130629666"
"C4990","wiki_books_3201","0.9973897655413393"
"C2820","wiki_books_1810","0.9969092130629666"
"C1087","wiki_books_6775","0.9971736875404766"
"C2499","wiki_books_4209","0.9977199509497612"
"C2273","wiki_books_12906","0.9983899758064708"
"C2902","wiki_books_5596","0.9977199509497612"
"C961","wiki_books_7967","0.9986191818033784"
"C3134","wiki_books_11857","0.9969092130629666"
"C1932","wiki_books_11317","0.9984807194329935"
"C2387","wiki_books_2776","0.998555920720156"
"C4904","wiki_books_1041","0.9938366806133107"
"C4234","wiki_books_14898","0.998555920720156"
"C1349","wiki_books_1058","0.9938366806133107"
"C5384","wiki_books_14658","0.9982785280613697"
"C563","wiki_books_6959","0.9983899758064708"
"C5195","wiki_books_12053","0.9018024478619744"
"C4089","wiki_books_12216","0.9982785280613697"
"C2012","wiki_books_10825","0.9982785280613697"
"C2657","wiki_books_13863","0.9984807194329935"
"C3165","wiki_books_15039","0.9982785280613697"
"C2579","wiki_books_459","0.9983899758064708"
"C4971","wiki_books_12932","0.9977199509497612"
"C2900","wiki_books_16168","0.9977199509497612"
"C989","wiki_books_6714","0.998555920720156"
"C3899","wiki_books_13220","0.9986191818033784"
"C2498","wiki_books_14976","0.9977199509497612"
"C1601","wiki_books_12047","0.9981387366450695"
"C831","wiki_books_9316","0.9908680248816001"
"C5637","wiki_books_14601","0.9719981445726236"
"C5541","wiki_books_15361","0.9983899758064708"
"C2000","wiki_books_10825","0.9982785280613697"
"C3619","wiki_books_1196","0.9977199509497612"
"C680","wiki_books_1710","0.9977199509497612"
"C956","wiki_books_12926","0.9983899758064708"
"C1207","wiki_books_15340","0.9981387366450695"
"C2023","wiki_books_10825","0.9982785280613697"
"C467","wiki_books_16508","0.9979588525566941"
"C4668","wiki_books_879","0.9973897655413393"
"C2361","wiki_books_8528","0.9499650742868623"
"C2122","wiki_books_7993","0.9982785280613697"
"C3177","wiki_books_11148","0.9942237463009387"
"C2011","wiki_books_10825","0.9982785280613697"
"C498","wiki_books_13222","0.9983899758064708"
"C4573","wiki_books_3942","0.9984807194329935"
"C4949","wiki_books_14133","0.9981387366450695"
"C4687","wiki_books_16246","0.9982785280613697"
"C1393","wiki_books_16385","0.7067210892031704"
"C2529","wiki_books_7688","0.9986191818033784"
"C1000","wiki_books_4964","0.9977199509497612"
"C2549","wiki_books_12690","0.768633021790639"
"C4224","wiki_books_14898","0.998555920720156"
"C5566","wiki_books_2683","0.9984807194329935"
"C3278","wiki_books_5","0.9981387366450695"
"C78","wiki_books_2930","0.9977199509497612"
"C4342","wiki_books_15201","0.9983899758064708"
"C4991","wiki_books_3201","0.9973897655413393"
"C4343","wiki_books_15201","0.9983899758064708"
"C2903","wiki_books_5596","0.9977199509497612"
"C217","wiki_books_14743","0.8162469850626441"
"C4235","wiki_books_14898","0.998555920720156"
"C3243","wiki_books_1869","0.9979588525566941"
"C562","wiki_books_6959","0.9983899758064708"
"C4903","wiki_books_1041","0.9938366806133107"
"C2656","wiki_books_13863","0.9984807194329935"
"C2602","wiki_books_1127","0.9984807194329935"
"C4970","wiki_books_12932","0.9977199509497612"
"C496","wiki_books_13204","0.9983899758064708"
"C5385","wiki_books_14658","0.9982785280613697"
"C1029","wiki_books_3834","0.9969092130629666"
"C5483","wiki_books_12818","0.9981387366450695"
"C5579","wiki_books_3232","0.9971736875404766"
"C4869","wiki_books_14988","0.998555920720156"
"C1110","wiki_books_11742","0.9983899758064708"
"C2901","wiki_books_16168","0.9977199509497612"
"C564","wiki_books_2637","0.9983899758064708"
"C2816","wiki_books_12583","0.9956110331199687"
"C3618","wiki_books_1196","0.9977199509497612"
"C5636","wiki_books_14601","0.9719981445726236"
"C2816","wiki_books_12595","0.9956110331199687"
"C5161","wiki_books_16464","0.8526112198499249"
"C2554","wiki_books_12690","0.768633021790639"
"C3916","wiki_books_14910","0.998555920720156"
"C4425","wiki_books_675","0.9977199509497612"
"C2100","wiki_books_8250","0.768633021790639"
"C4539","wiki_books_16340","0.9979588525566941"
"C540","wiki_books_160","0.9982785280613697"
"C196","wiki_books_6612","0.9956110331199687"
"C3087","wiki_books_14598","0.998555920720156"
"C2844","wiki_books_159","0.9956110331199687"
"C1877","wiki_books_11573","0.9183978686017618"
"C2902","wiki_books_556","0.9977199509497612"
"C711","wiki_books_14951","0.9018024478619744"
"C5035","wiki_books_11397","0.9983899758064708"
"C2030","wiki_books_10825","0.9982785280613697"
"C5145","wiki_books_11873","0.7130191193784781"
"C968","wiki_books_2719","0.9981387366450695"
"C2583","wiki_books_11933","0.9969092130629666"
"C1228","wiki_books_16344","0.9981387366450695"
"C5450","wiki_books_10105","0.998555920720156"
"C92","wiki_books_6914","0.9018024478619744"
"C5041","wiki_books_3484","0.9982785280613697"
"C5179","wiki_books_1443","0.9984807194329935"
"C3935","wiki_books_1758","0.9977199509497612"
"C4341","wiki_books_15201","0.9983899758064708"
"C1395","wiki_books_16384","0.7067210892031704"
"C1953","wiki_books_13205","0.9983899758064708"
"C3897","wiki_books_12250","0.8162469850626441"
"C4229","wiki_books_14898","0.998555920720156"
"C2629","wiki_books_11765","0.9979588525566941"
"C1725","wiki_books_2027","0.9982785280613697"
"C2928","wiki_books_15871","0.768633021790639"
"C325","wiki_books_3369","0.9982785280613697"
"C2532","wiki_books_14287","0.9969092130629666"
"C1027","wiki_books_12930","0.9973897655413393"
"C2499","wiki_books_4207","0.9977199509497612"
"C1427","wiki_books_10876","0.9982785280613697"
"C1575","wiki_books_189","0.9977199509497612"
"C1444","wiki_books_11247","0.9977199509497612"
"C1505","wiki_books_13074","0.9983899758064708"
"C906","wiki_books_9270","0.9983899758064708"
"C497","wiki_books_13204","0.9983899758064708"
"C2250","wiki_books_10376","0.7181604130635513"
"C558","wiki_books_13370","0.9979588525566941"
"C3971","wiki_books_15685","0.9983899758064708"
"C505","wiki_books_92","0.9977199509497612"
"C3329","wiki_books_1457","0.9981387366450695"
"C3217","wiki_books_15264","0.9971736875404766"
"C2145","wiki_books_10231","0.9882311659453628"
"C5382","wiki_books_14658","0.9982785280613697"
"C987","wiki_books_4865","0.9984807194329935"
"C5152","wiki_books_13321","0.9984807194329935"
"C4481","wiki_books_10167","0.9981387366450695"
"C3884","wiki_books_13719","0.9984807194329935"
"C3433","wiki_books_10287","0.768633021790639"
"C1934","wiki_books_11317","0.9984807194329935"
"C5509","wiki_books_14810","0.9973897655413393"
"C1975","wiki_books_4258","0.9979588525566941"
"C3695","wiki_books_11468","0.9983899758064708"
"C616","wiki_books_11796","0.9969092130629666"
"C4361","wiki_books_12595","0.9956110331199687"
"C2268","wiki_books_14797","0.9982785280613697"
"C5160","wiki_books_16464","0.8526112198499249"
"C4538","wiki_books_16340","0.9979588525566941"
"C4361","wiki_books_12583","0.9956110331199687"
"C4945","wiki_books_14041","0.9969092130629666"
"C3883","wiki_books_13719","0.9984807194329935"
"C967","wiki_books_2719","0.9981387366450695"
"C2555","wiki_books_12690","0.768633021790639"
"C721","wiki_books_15238","0.9981387366450695"
"C947","wiki_books_11701","0.9983899758064708"
"C1001","wiki_books_8117","0.9971736875404766"
"C2843","wiki_books_159","0.9956110331199687"
"C2903","wiki_books_556","0.9977199509497612"
"C712","wiki_books_14951","0.9018024478619744"
"C2361","wiki_books_15436","0.9983899758064708"
"C4529","wiki_books_11120","0.9979588525566941"
"C3442","wiki_books_16467","0.9983899758064708"
"C1954","wiki_books_13205","0.9983899758064708"
"C146","wiki_books_1093","0.9979588525566941"
"C397","wiki_books_4152","0.998555920720156"
"C1554","wiki_books_13868","0.9979588525566941"
"C1227","wiki_books_16344","0.9981387366450695"
"C4867","wiki_books_13865","0.9983899758064708"
"C3934","wiki_books_1758","0.9977199509497612"
"C812","wiki_books_13921","0.880415369974958"
"C1726","wiki_books_2027","0.9982785280613697"
"C1026","wiki_books_12930","0.9973897655413393"
"C321","wiki_books_12220","0.998555920720156"
"C1933","wiki_books_11317","0.9984807194329935"
"C2499","wiki_books_4208","0.9977199509497612"
"C2929","wiki_books_15871","0.768633021790639"
"C907","wiki_books_9270","0.9983899758064708"
"C1576","wiki_books_189","0.9977199509497612"
"C808","wiki_books_9237","0.9986191818033784"
"C3216","wiki_books_15264","0.9971736875404766"
"C5141","wiki_books_12577","0.9969092130629666"
"C1200","wiki_books_15694","0.9977199509497612"
"C5383","wiki_books_14658","0.9982785280613697"
"C3079","wiki_books_1212","0.9982785280613697"
"C3243","wiki_books_14737","0.9979588525566941"
"C3694","wiki_books_11468","0.9983899758064708"
"C5020","wiki_books_325","0.9942237463009387"
"C3591","wiki_books_547","0.9979588525566941"
"C3882","wiki_books_13719","0.9984807194329935"
"C1451","wiki_books_13871","0.9981387366450695"
"C2020","wiki_books_10825","0.9982785280613697"
"C2556","wiki_books_12690","0.768633021790639"
"C215","wiki_books_16447","0.9977199509497612"
"C928","wiki_books_4499","0.9981387366450695"
"C4580","wiki_books_4712","0.9973897655413393"
"C3984","wiki_books_16489","0.9982785280613697"
"C2051","wiki_books_6635","0.9982785280613697"
"C3085","wiki_books_11042","0.9523464363071484"
"C4753","wiki_books_5621","0.9977199509497612"
"C5573","wiki_books_12595","0.9956110331199687"
"C1955","wiki_books_13205","0.9983899758064708"
"C4239","wiki_books_14898","0.998555920720156"
"C2253","wiki_books_11231","0.9977199509497612"
"C1553","wiki_books_13868","0.9979588525566941"
"C2846","wiki_books_159","0.9956110331199687"
"C2063","wiki_books_6635","0.9982785280613697"
"C5573","wiki_books_12583","0.9956110331199687"
"C3181","wiki_books_4591","0.9984807194329935"
"C5452","wiki_books_10105","0.998555920720156"
"C2900","wiki_books_556","0.9977199509497612"
"C4227","wiki_books_14898","0.998555920720156"
"C3288","wiki_books_7602","0.9969092130629666"
"C2032","wiki_books_10825","0.9982785280613697"
"C4423","wiki_books_675","0.9977199509497612"
"C208","wiki_books_16314","0.9979588525566941"
"C722","wiki_books_3799","0.9977199509497612"
"C2176","wiki_books_10818","0.9981387366450695"
"C2852","wiki_books_15900","0.9969092130629666"
"C229","wiki_books_13345","0.9982785280613697"
"C2498","wiki_books_4208","0.9977199509497612"
"C5389","wiki_books_11603","0.9977199509497612"
"C1577","wiki_books_189","0.9977199509497612"
"C5059","wiki_books_4089","0.9982785280613697"
"C1552","wiki_books_13868","0.9979588525566941"
"C3186","wiki_books_11332","0.9986191818033784"
"C2361","wiki_books_4455","0.9499650742868623"
"C2361","wiki_books_7349","0.9499650742868623"
"C5532","wiki_books_15554","0.9982785280613697"
"C904","wiki_books_9270","0.9983899758064708"
"C2281","wiki_books_6673","0.9982785280613697"
"C2980","wiki_books_6869","0.8526112198499249"
"C5420","wiki_books_15240","0.9982785280613697"
"C4350","wiki_books_2039","0.9982785280613697"
"C4695","wiki_books_13171","0.9981387366450695"
"C503","wiki_books_92","0.9977199509497612"
"C3590","wiki_books_547","0.9979588525566941"
"C4407","wiki_books_8029","0.9981387366450695"
"C2842","wiki_books_3448","0.9956110331199687"
"C4511","wiki_books_14260","0.768633021790639"
"C4424","wiki_books_675","0.9977199509497612"
"C2557","wiki_books_12690","0.9979588525566941"
"C5162","wiki_books_16464","0.8526112198499249"
"C1025","wiki_books_5191","0.9979588525566941"
"C5189","wiki_books_16313","0.9981387366450695"
"C1609","wiki_books_15125","0.9971736875404766"
"C2050","wiki_books_6635","0.9982785280613697"
"C879","wiki_books_7826","0.9983899758064708"
"C5451","wiki_books_10105","0.998555920720156"
"C2901","wiki_books_556","0.9977199509497612"
"C1956","wiki_books_13205","0.9983899758064708"
"C3084","wiki_books_11042","0.9523464363071484"
"C2845","wiki_books_159","0.9956110331199687"
"C3155","wiki_books_1658","0.9982785280613697"
"C2062","wiki_books_6635","0.9982785280613697"
"C2150","wiki_books_10229","0.9882311659453628"
"C4228","wiki_books_14898","0.998555920720156"
"C5695","wiki_books_15761","0.9983899758064708"
"C969","wiki_books_2719","0.9981387366450695"
"C5479","wiki_books_10369","0.9982785280613697"
"C4030","wiki_books_15606","0.9977199509497612"
"C2031","wiki_books_10825","0.9982785280613697"
"C2439","wiki_books_13396","0.9984807194329935"
"C1229","wiki_books_16344","0.9981387366450695"
"C2842","wiki_books_1621","0.9956110331199687"
"C2628","wiki_books_11765","0.9979588525566941"
"C5533","wiki_books_15554","0.9982785280613697"
"C916","wiki_books_12065","0.9984807194329935"
"C2498","wiki_books_4207","0.9977199509497612"
"C1551","wiki_books_13868","0.9979588525566941"
"C3356","wiki_books_5013","0.9982785280613697"
"C5388","wiki_books_11603","0.9977199509497612"
"C905","wiki_books_9270","0.9983899758064708"
"C504","wiki_books_92","0.9977199509497612"
"C4420","wiki_books_10769","0.9981387366450695"
"C497","wiki_books_13323","0.9983899758064708"
"C2145","wiki_books_10232","0.9882311659453628"
"C5592","wiki_books_15918","0.9978483769011275"
"C2251","wiki_books_10376","0.7181604130635513"
"C5421","wiki_books_15240","0.9982785280613697"
"C1974","wiki_books_4258","0.9979588525566941"
"C5508","wiki_books_14810","0.9973897655413393"
"C5422","wiki_books_12252","0.9981387366450695"
"C1935","wiki_books_11317","0.9984807194329935"
